,SNP,Chr,Pos,P.value,MAF,traits
107842,chrLG4:24064559,chrLG4,24064559,8.872233e-11,0.4756944,GLM.RAB
107845,chrLG4:24066308,chrLG4,24066308,5.782910e-08,0.2395833,GLM.RAB
107847,chrLG4:24067576,chrLG4,24067576,4.104095e-10,0.4930556,GLM.RAB
107848,chrLG4:24067828,chrLG4,24067828,1.262303e-07,0.3298611,GLM.RAB
107850,chrLG4:24068859,chrLG4,24068859,5.555982e-10,0.4756944,GLM.RAB
107851,chrLG4:24068932,chrLG4,24068932,6.056955e-09,0.4722222,GLM.RAB
107854,chrLG4:24069472,chrLG4,24069472,2.432791e-10,0.4548611,GLM.RAB
107856,chrLG4:24069680,chrLG4,24069680,1.693345e-08,0.4756944,GLM.RAB
107859,chrLG4:24069877,chrLG4,24069877,3.013908e-10,0.4861111,GLM.RAB
107861,chrLG4:24070596,chrLG4,24070596,3.192980e-08,0.4791667,GLM.RAB
107863,chrLG4:24070875,chrLG4,24070875,2.013782e-10,0.4687500,GLM.RAB
107864,chrLG4:24070891,chrLG4,24070891,8.805291e-10,0.4548611,GLM.RAB
